Accession,Organism_Name,GenBank_MD5
OR562161,Severe acute respiratory syndrome coronavirus 2,9d44ba72a1df44b4ab2a448941faeaa7
OR545591,Severe acute respiratory syndrome coronavirus 2,2a8c9fd248388f26d93b022f16bb4d67
OR545600,Severe acute respiratory syndrome coronavirus 2,21f06dc365f13836deee51353debee87
OR545645,Severe acute respiratory syndrome coronavirus 2,2d0c19ba2ebd5a7a3719323655f6b329
OR527575,Severe acute respiratory syndrome coronavirus 2,e9a5e62bbc374da1d2d1f1e8da277800
OR527867,Severe acute respiratory syndrome coronavirus 2,2963df6e299f93837ead1bc756a1b31b
OR517896,Severe acute respiratory syndrome coronavirus 2,2378166f70044f5b207944a8054894be
OR517913,Severe acute respiratory syndrome coronavirus 2,5e694f7db602b612403e38f14f8a452b
OR517977,Severe acute respiratory syndrome coronavirus 2,ac03c31ace2648d35e5e04dec898625c
OR518002,Severe acute respiratory syndrome coronavirus 2,e93121364cf5bf8efd9760b8f4031baf
OR518097,Severe acute respiratory syndrome coronavirus 2,2168b4eb0db95ac92fb5a5755ca1fb19
OR514727,Severe acute respiratory syndrome coronavirus 2,9e7c69bd4cbb8fcd1b5da9142e1d0efd
OR504150,Severe acute respiratory syndrome coronavirus 2,8ef7c0175c7572a72c14a9374390a635
LC777462,Severe acute respiratory syndrome coronavirus 2,98dbb1469bc3c458fb9618b60bb79352
BS007410,Severe acute respiratory syndrome coronavirus 2,480f4e4754c139401b312ae1df35a599
OR455279,Severe acute respiratory syndrome coronavirus 2,72c31eb07ec832bc6ce59b3d53575289
OR456972,Severe acute respiratory syndrome coronavirus 2,bc3922cef3596a8dcabac50df9dd434e
OR452877,Severe acute respiratory syndrome coronavirus 2,1792598d324d620b29c87ea2acaedc69
OR417147,Severe acute respiratory syndrome coronavirus 2,8b33c805480efbd7a8042a50f672413a
OR417148,Severe acute respiratory syndrome coronavirus 2,90c76d3adc3573c6d490911dfa8cf3e9
OR414170,Severe acute respiratory syndrome coronavirus 2,4ea4ac2e0830db8eb61458bcafed2e31
OR397706,Severe acute respiratory syndrome coronavirus 2,7270fe5a16a37fabdd27ef8e382d55b3
OR398179,Severe acute respiratory syndrome coronavirus 2,88ce12eb016fb074807635da17d98eb3
OR398180,Severe acute respiratory syndrome coronavirus 2,5f7fbef8088a30ff643d49df5d60d18d
OR398181,Severe acute respiratory syndrome coronavirus 2,0d4b34d78139caad68aa2d970cc10af2
OR398183,Severe acute respiratory syndrome coronavirus 2,08949f5bd3e4bade979085a755f5f192
OR398184,Severe acute respiratory syndrome coronavirus 2,3d1806fa94f3dbc47e611d464eb20754
OR365232,Severe acute respiratory syndrome coronavirus 2,e9fc01a4050acfb691862f4c75533f8b
OR327437,Severe acute respiratory syndrome coronavirus 2,c2e2fc11d7525a01644e6d43177f4a75
OP413440,Severe acute respiratory syndrome coronavirus 2,9a10011582a4323a814e7e025bbdab42
OP413447,Severe acute respiratory syndrome coronavirus 2,0882e7c6a2c4c6e0bed3668da4d46e44
OR258038,Severe acute respiratory syndrome coronavirus 2,08de4b389c96bc8179aad586b008b126
OR258039,Severe acute respiratory syndrome coronavirus 2,db012bfe370b04c15b5fbcc9dbb058cc
OR249993,Severe acute respiratory syndrome coronavirus 2,20d49692b9fafe576ef8898f769b4c47
OR219710,Severe acute respiratory syndrome coronavirus 2,4d1be82fd1f62f1495b6d2577eee5424
OR206513,Severe acute respiratory syndrome coronavirus 2,2d62d38a532d3fe227bca43ceff7bd71
OR200606,Severe acute respiratory syndrome coronavirus 2,cad8ba27a28073f990edc19ac8d21111
OR180101,Severe acute respiratory syndrome coronavirus 2,eb783a1f039ca7c32a1ac4949e93d955
OR180623,Severe acute respiratory syndrome coronavirus 2,121df5c8a967ac898877b418638822c0
OR180686,Severe acute respiratory syndrome coronavirus 2,fb4b348acd941d8640b3c08cfbc6d848
OR180687,Severe acute respiratory syndrome coronavirus 2,c283caf0f9f9d2996238befc6476183c
OR155352,Severe acute respiratory syndrome coronavirus 2,e87d61c2e38d0b199caa1b0b3a14d2c4
OR155496,Severe acute respiratory syndrome coronavirus 2,441bf1186ddd084ef34448e6db4b2680
OR155536,Severe acute respiratory syndrome coronavirus 2,1c0ae0963d08dc21dc53000030a51f70
OR155607,Severe acute respiratory syndrome coronavirus 2,3aa391569e4814f1a82240297214c2b7
OR155659,Severe acute respiratory syndrome coronavirus 2,e5f2a175b0ae4de6e0501de84b5498bf
OR159239,Severe acute respiratory syndrome coronavirus 2,a5898199c7074152ef0dcb589ae34aae
OR159244,Severe acute respiratory syndrome coronavirus 2,faa34946a9cee114913f96e3f02c5192
OR159278,Severe acute respiratory syndrome coronavirus 2,ef79a49c22717b6918fccc6a52137d39
OR159289,Severe acute respiratory syndrome coronavirus 2,dfa612b426abc69f2023c57af438faa5
OR159293,Severe acute respiratory syndrome coronavirus 2,91f49cb7e94e5e5c8174d457ab2f2c1c
OR160402,Severe acute respiratory syndrome coronavirus 2,b5074267d800d26529a63072342dc183
OR145077,Severe acute respiratory syndrome coronavirus 2,1324c37cf8c650795ad79bc36b924bba
OR144554,Severe acute respiratory syndrome coronavirus 2,8b52da4af4853fdf658206c449d45149
OR144555,Severe acute respiratory syndrome coronavirus 2,fe665675a1ed4fb4907fcf54f97faa1d
OR099120,Severe acute respiratory syndrome coronavirus 2,03815127c40051720c37c4a361ec5121
OR103083,Severe acute respiratory syndrome coronavirus 2,498158654d36d168219ad98bf6151064
OR061353,Severe acute respiratory syndrome coronavirus 2,bfe50259e03e0d53a86144ffff70ecb8
OR061358,Severe acute respiratory syndrome coronavirus 2,fb7ec269e0c8f51614e210465f1fd68e
OR037442,Severe acute respiratory syndrome coronavirus 2,ecf1c82e6e80c0af46fe1d8a899828b9
OR031414,Severe acute respiratory syndrome coronavirus 2,6cc9b2c3cafc02a488988d55710fea7a
OR020881,Severe acute respiratory syndrome coronavirus 2,e60e4ee7fd326b95e2f001dbe7c4d2c8
OR020889,Severe acute respiratory syndrome coronavirus 2,13bb98f08d782b07c58d628a5fb718d6
OQ983940,Severe acute respiratory syndrome coronavirus 2,0876b2563bc824a45cca5ce9a7d3be5e
OQ980148,Severe acute respiratory syndrome coronavirus 2,71c3e470f27ec12a6a929c56d1ff769f
OQ954604,Severe acute respiratory syndrome coronavirus 2,92fd65f53ad50d5ec81f1d1263922d80
OQ954607,Severe acute respiratory syndrome coronavirus 2,7cd07a19590af5792c4e4cfc4db54348
OQ946922,Severe acute respiratory syndrome coronavirus 2,53eb9cebcf2606e8220a425e1ee741f9
OQ946953,Severe acute respiratory syndrome coronavirus 2,0ed482461e1c111e3e29daa24347d922
OQ930036,Severe acute respiratory syndrome coronavirus 2,44058f3509df7e617c8ecc16264cbd56
OQ924143,Severe acute respiratory syndrome coronavirus 2,6c5eee6d65a1c73b3d3d5d120c5143dc
OQ924145,Severe acute respiratory syndrome coronavirus 2,02d2e673a0446f4092cbcee45e260e01
OQ924153,Severe acute respiratory syndrome coronavirus 2,f28525b315c3e08534d96eec73325adb
OQ924160,Severe acute respiratory syndrome coronavirus 2,44e511e0367796aae93ab70d1f6f7d85
OQ924170,Severe acute respiratory syndrome coronavirus 2,6ef4623448b585d46fa11e9f0c3a3441
OQ919133,Severe acute respiratory syndrome coronavirus 2,86f349396a3a111b7f4977a1b8fc2a6f
OQ921234,Severe acute respiratory syndrome coronavirus 2,aab6569f2948b4e323908594b2ac1d9d
OQ913322,Severe acute respiratory syndrome coronavirus 2,68d8bcdef4afcdae612caef7584c397c
OQ890530,Severe acute respiratory syndrome coronavirus 2,816cb328dd5c2914e94ac045b2b132b6
OQ891012,Severe acute respiratory syndrome coronavirus 2,678d72f4b7d843c5cde9a6fd1b96989c
OQ870246,Severe acute respiratory syndrome coronavirus 2,a37c488206fd78feb0c5460881a2ed69
OQ826334,Severe acute respiratory syndrome coronavirus 2,02adf6ddf99b26e6b6ccaf6ea64ad94c
OQ817317,Severe acute respiratory syndrome coronavirus 2,22d82920777b829fc7ebe4182689025c
OQ812181,Severe acute respiratory syndrome coronavirus 2,892de0e0434724d1703cce03c3a64c64
OQ793078,Severe acute respiratory syndrome coronavirus 2,716aa1639db2a639d597e77f9a8f8cfc
OQ793179,Severe acute respiratory syndrome coronavirus 2,4d4414abf58ca99f63087d29d58a37ca
OQ793248,Severe acute respiratory syndrome coronavirus 2,d360ce651ddb5c6db1ea16810f6e728f
OQ793556,Severe acute respiratory syndrome coronavirus 2,a732b3330ccf37ef9cac681ada3ee2aa
OQ787689,Severe acute respiratory syndrome coronavirus 2,06bfca447ed99e718237aa407b104cf3
OQ787736,Severe acute respiratory syndrome coronavirus 2,ef6e54761854359cf0d8d614d2087673
OQ788196,Severe acute respiratory syndrome coronavirus 2,fc56c4e5533e0b87a3d4824ec1b64718
OQ780230,Severe acute respiratory syndrome coronavirus 2,b464fd58de287491c1def55a9c20ec27
OQ759400,Severe acute respiratory syndrome coronavirus 2,578f1290ae08d6863867445f08b63160
OQ760163,Severe acute respiratory syndrome coronavirus 2,8f7a24693877e2cc5d796d0444b9d0b6
OQ760288,Severe acute respiratory syndrome coronavirus 2,164d9b0cd799a3669d266a9ce7cab6ca
OQ760703,Severe acute respiratory syndrome coronavirus 2,217a9ca576c8b5a5b9afd8fff2634371
OQ761075,Severe acute respiratory syndrome coronavirus 2,4f57c0b3356972350977d3fec7dba7ea
OQ761848,Severe acute respiratory syndrome coronavirus 2,46c9ddd9785181008ac4671c71bda191
OQ692122,Severe acute respiratory syndrome coronavirus 2,8ab0520624d6f5edede48f139347f4c2
OQ692124,Severe acute respiratory syndrome coronavirus 2,92652fcb456fe31ed3ccc6cad008c633
OQ737827,Severe acute respiratory syndrome coronavirus 2,0b2ca15dba2cf67f664ae0bb10775438
OQ737828,Severe acute respiratory syndrome coronavirus 2,c0d1b92c592297112bfc0694bc09d663
OQ728972,Severe acute respiratory syndrome coronavirus 2,b33b9f66c29ecb59761a2204bc574717
OQ720722,Severe acute respiratory syndrome coronavirus 2,251461bbd3bbeca1ac69c1472b04bf0d
OQ711715,Severe acute respiratory syndrome coronavirus 2,e50ba4b5ce889323a20d8a8ca9d216ad
OQ698302,Severe acute respiratory syndrome coronavirus 2,698e282f8cfedcc4c1a869ee4d9d6ec2
OQ636221,Severe acute respiratory syndrome coronavirus 2,b267c6c78b81a12a543d27b5580de312
OQ638230,Severe acute respiratory syndrome coronavirus 2,beb6e319e9229a3b47f4ca5bc258da2d
OQ640701,Severe acute respiratory syndrome coronavirus 2,a960139cfe2105ecef7740993162bee4
OQ629590,Severe acute respiratory syndrome coronavirus 2,a3ce5702c74f696d8c577de4364ca2a2
OQ618243,Severe acute respiratory syndrome coronavirus 2,ce7324d1c4716522a84192f2258bd0f2
OQ623080,Severe acute respiratory syndrome coronavirus 2,b2da1783352a97cf072c64fc454d7307
OQ623082,Severe acute respiratory syndrome coronavirus 2,54d47823c5594a64ad8e45bcf1b8d463
OQ623083,Severe acute respiratory syndrome coronavirus 2,241776cc794ed38101217ae7339cb460
OQ623086,Severe acute respiratory syndrome coronavirus 2,62fc68d7a36f1986c906f077dc8df02f
OQ623089,Severe acute respiratory syndrome coronavirus 2,2b726097aa0afc026bcdf2e5a0832a36
OQ612927,Severe acute respiratory syndrome coronavirus 2,38eae98ee666b56d35ec8d332a955030
OQ613000,Severe acute respiratory syndrome coronavirus 2,be46473093a31ee10573a211964b60dd
OQ592002,Severe acute respiratory syndrome coronavirus 2,a6ad935987b74697cb6e46ea7c985a30
OQ592583,Severe acute respiratory syndrome coronavirus 2,c918a504bfa09a56d6e59e4546e5e7ab
OQ592588,Severe acute respiratory syndrome coronavirus 2,c935abe0873fee6dd0d0c6e1785c1969
OQ592604,Severe acute respiratory syndrome coronavirus 2,5dba0bf0f4f646a66139fa26005de3d7
OQ582304,Severe acute respiratory syndrome coronavirus 2,bbebcb66536cde9a467ac665d19df0e0
OQ569678,Severe acute respiratory syndrome coronavirus 2,73685beb590d23a41e45228536f55392
OQ573108,Severe acute respiratory syndrome coronavirus 2,92775c2e617b178dc8522671b3e1f2fb
OQ573357,Severe acute respiratory syndrome coronavirus 2,aad97d1c2d6f4c705cd69c1880e027af
OQ569163,Severe acute respiratory syndrome coronavirus 2,e546913fb63013b4de1a66f9fbb664a9
OQ569189,Severe acute respiratory syndrome coronavirus 2,a77a608dfa4051eada36395843d73f26
OQ564559,Severe acute respiratory syndrome coronavirus 2,0ed08f6cdbeae6069f3818075fe987c2
OQ546591,Severe acute respiratory syndrome coronavirus 2,0807aeaec7254f4b6d28ebee137aaf62
OQ546592,Severe acute respiratory syndrome coronavirus 2,1afa204862b8d5cf724d8980a98a8653
OQ534826,Severe acute respiratory syndrome coronavirus 2,6094677719f8dcde172bc052eec0576b
OQ504314,Severe acute respiratory syndrome coronavirus 2,ce98a7386e69ccbb2eb0a9bb6df8ba90
OQ503357,Severe acute respiratory syndrome coronavirus 2,23510ac746ec78b5b93bd02214d236a7
OQ453010,Severe acute respiratory syndrome coronavirus 2,fa16610ef13eb8244ab6649f055edafa
OQ384100,Severe acute respiratory syndrome coronavirus 2,6f77b874629ef30de6a19c3229eaa2db
OQ374119,Severe acute respiratory syndrome coronavirus 2,0e6a9835b0954cb1b90f8d0310ec5d47
OQ374318,Severe acute respiratory syndrome coronavirus 2,a93ec3a057f32ccc47ad4c1dacc3edf9
OQ377751,Severe acute respiratory syndrome coronavirus 2,da998021fbca15adbf723324f605fcc6
OQ362208,Severe acute respiratory syndrome coronavirus 2,df8390d87471ca65837abba7ed485783
OQ352673,Severe acute respiratory syndrome coronavirus 2,c51969b2381e653b6b88494625e7eb7b
OQ358878,Severe acute respiratory syndrome coronavirus 2,d5221554ebccf9b629f0eb18439829aa
OQ345807,Severe acute respiratory syndrome coronavirus 2,be5e64aae2eefe5c3e1bc3d119a6eaaf
OQ343410,Severe acute respiratory syndrome coronavirus 2,9f624b30c97f817b00ae36eae726419b
OQ343733,Severe acute respiratory syndrome coronavirus 2,2315f51f485048e35a2a14aa1d097b52
OQ326841,Severe acute respiratory syndrome coronavirus 2,3c838b0da7ff6decfaaf3935a6314b06
OQ326844,Severe acute respiratory syndrome coronavirus 2,fd1d7bdf5dfe8c365e3cd50e0ac64220
OQ332727,Severe acute respiratory syndrome coronavirus 2,4a9407fe064a09d003f7b20ae95e8d1b
OQ326660,Severe acute respiratory syndrome coronavirus 2,540dade6b44281356da4560454d38fa7
OQ312170,Severe acute respiratory syndrome coronavirus 2,a27d0c48d37eac1dfc75461e6e0414f5
OQ312192,Severe acute respiratory syndrome coronavirus 2,5d52180db703dca576b5d16b36e278be
OQ313216,Severe acute respiratory syndrome coronavirus 2,d4f2873c052a7b733bd0f371ec2b75be
OQ315037,Severe acute respiratory syndrome coronavirus 2,c247038f13377cff466adf8d99c0dff5
OQ315065,Severe acute respiratory syndrome coronavirus 2,bb9d97055f7a1bd91d7b9032075692e7
OQ315069,Severe acute respiratory syndrome coronavirus 2,5297979211ff5e21dce109e2981477e8
OQ266289,Severe acute respiratory syndrome coronavirus 2,3ebe38534f2e719b1f4b4e04b42e0225
OQ269811,Severe acute respiratory syndrome coronavirus 2,6caee73e6ec9578896d271fedceccbfa
OQ270181,Severe acute respiratory syndrome coronavirus 2,163772b622e7d0040a2f021ce826f92b
OQ256591,Severe acute respiratory syndrome coronavirus 2,ef53c3d7446e13113e1f581330b63850
OQ241985,Severe acute respiratory syndrome coronavirus 2,25479e13abbe52538127283a3c5f95fe
OQ194009,Severe acute respiratory syndrome coronavirus 2,51e80e352ee1ab330fca88f3a1b36839
OQ194010,Severe acute respiratory syndrome coronavirus 2,71a8936dc1424f3c705dae73f41b82ef
OQ194011,Severe acute respiratory syndrome coronavirus 2,2762308886963bdcbb4576bd124098d5
OQ191368,Severe acute respiratory syndrome coronavirus 2,5ff40cf6be06fe89f2f808f71a5ff8a8
OQ191407,Severe acute respiratory syndrome coronavirus 2,bbe7d120b58c0d552792ac54b0a9897e
OQ191894,Severe acute respiratory syndrome coronavirus 2,0179171dd0e9fafb7e88db5a7452539f
OQ170898,Severe acute respiratory syndrome coronavirus 2,a7881c44b038074c0d22f5d6424e5594
OQ170914,Severe acute respiratory syndrome coronavirus 2,155d540a1e14a50c18fd7d8e09fb2328
OQ170916,Severe acute respiratory syndrome coronavirus 2,cf9bb88775285c3fe1c9e07ca843496c
OQ170920,Severe acute respiratory syndrome coronavirus 2,ae199850b27fc31ee2524f7c36299f32
OQ170944,Severe acute respiratory syndrome coronavirus 2,a587a2a6edb9f78727ae6ea1bf7132a2
OQ171024,Severe acute respiratory syndrome coronavirus 2,7090dd753eb68c5100ebc766dd949888
OQ107978,Severe acute respiratory syndrome coronavirus 2,a5c630f73840dace841573b6169d5864
OQ080082,Severe acute respiratory syndrome coronavirus 2,9e4773c7588fdd4f1f0548da0791dc7e
OQ080083,Severe acute respiratory syndrome coronavirus 2,8c3659d9edf946e15d235d7d954785d3
OQ092781,Severe acute respiratory syndrome coronavirus 2,214cba3a42ca47e236ebcde6b306c9f0
OQ092791,Severe acute respiratory syndrome coronavirus 2,c566f44efcfcf52d381560cddbf8fa53
OQ092818,Severe acute respiratory syndrome coronavirus 2,913588aa2dba8784f24c4e47a3872cd5
OQ092819,Severe acute respiratory syndrome coronavirus 2,a312b5d0f10f50a16bd3233070dc9db2
OQ092824,Severe acute respiratory syndrome coronavirus 2,80dc9a29a7fe5c04964ef0f4cdb09ceb
OQ075384,Severe acute respiratory syndrome coronavirus 2,8bca7dd448830212880084a6caa6e086
OQ075391,Severe acute respiratory syndrome coronavirus 2,445338ea678db833b8927720de5c7599
OQ075410,Severe acute respiratory syndrome coronavirus 2,042733058b82b3af2343a1637d3b3280
OQ075416,Severe acute respiratory syndrome coronavirus 2,151ad9d3c032a97d95a14697c5cb4437
OQ075544,Severe acute respiratory syndrome coronavirus 2,e7420341d39cf8dccf2e8365e747bfaf
OQ070316,Severe acute respiratory syndrome coronavirus 2,4a753ec07039a68034d3e2c2b624de4b
OQ052596,Severe acute respiratory syndrome coronavirus 2,7b436ace049af83e34b694e34814ee0d
OQ052712,Severe acute respiratory syndrome coronavirus 2,7c0b444494ff6c2a050cba2d024fb170
OQ052759,Severe acute respiratory syndrome coronavirus 2,058de2f36b21c8d25fcf08d2dcc47446
OQ052771,Severe acute respiratory syndrome coronavirus 2,5cbdc118cfe6351441785faebf2b46e3
OQ052933,Severe acute respiratory syndrome coronavirus 2,3a087759b317445885fd443c46c63b70
OQ052983,Severe acute respiratory syndrome coronavirus 2,56aa78a54380a35fe2d57aa28071f9fc
OQ025419,Severe acute respiratory syndrome coronavirus 2,a377f2efb4151c2111107a93b643d364
OQ026526,Severe acute respiratory syndrome coronavirus 2,72368c417783133af0eb422eece62ebe
OQ026647,Severe acute respiratory syndrome coronavirus 2,a60d453b323aaa309213ff2315f9cdf5
OP999105,Severe acute respiratory syndrome coronavirus 2,8b0cbf7da32ed719993994bd6e818d98
OP965674,Severe acute respiratory syndrome coronavirus 2,37627022f932f352ce9470e72385020a
OP921922,Severe acute respiratory syndrome coronavirus 2,c675c2425a78931b78c8436d05f11f2f
OP902133,Severe acute respiratory syndrome coronavirus 2,d312bf3db7b9f8ff106b0a55248e6409
OP895547,Severe acute respiratory syndrome coronavirus 2,35523ea5834a2e241214bb542911ae8b
OP895605,Severe acute respiratory syndrome coronavirus 2,9baf4aa00614ab4a59f743f59abe478d
OP880570,Severe acute respiratory syndrome coronavirus 2,d7dfa683302833d9dc5033572ff357bc
OP862444,Severe acute respiratory syndrome coronavirus 2,faf39741e6c917f3f1cd4805ac82f5c2
OP851114,Severe acute respiratory syndrome coronavirus 2,9dedda300cd6bb43ea546a36c39ce977
OP826681,Severe acute respiratory syndrome coronavirus 2,de185662150660c49eab9cbeb4765038
OP783366,Severe acute respiratory syndrome coronavirus 2,feac199553bd87dd179703a718566b39
OP779810,Severe acute respiratory syndrome coronavirus 2,9abef2356a20a8275f830e0b8e275b09
OP779821,Severe acute respiratory syndrome coronavirus 2,43233faaf53f15d9b0ee32598e2062ee
OP779843,Severe acute respiratory syndrome coronavirus 2,65525b300df50b94707dedc4afc0795d
OP781619,Severe acute respiratory syndrome coronavirus 2,63bba82a1dafad123a8a2857b73214a4
BS006044,Severe acute respiratory syndrome coronavirus 2,b1f75ec87b77ff2b97ce214e1559f35a
OP765220,Severe acute respiratory syndrome coronavirus 2,7661c7085aed8c9b2bc8117bb34d0242
OP770912,Severe acute respiratory syndrome coronavirus 2,880f434a377d3df6d3b09d07193319b7
OP752926,Severe acute respiratory syndrome coronavirus 2,471a75af2f78022c6989402d2b07694c
OP753273,Severe acute respiratory syndrome coronavirus 2,8f27ac082d521f7055fa51511cdb41e4
OP747584,Severe acute respiratory syndrome coronavirus 2,a279638067bb097e301e1d8445bc5c5e
OP747598,Severe acute respiratory syndrome coronavirus 2,ed7f7fab3f4796d0b32a3c5a7b58a78e
OP738089,Severe acute respiratory syndrome coronavirus 2,885f9243fb773779fdfe02cf642a17ba
OP727428,Severe acute respiratory syndrome coronavirus 2,982dac064e2288a46848c5318398f15f
OP727429,Severe acute respiratory syndrome coronavirus 2,c47b454a7786ca41a0833f8a53520a0d
OP727430,Severe acute respiratory syndrome coronavirus 2,072caeea3fc621c6bfb07e5e2dd8df62
OP727431,Severe acute respiratory syndrome coronavirus 2,b30867d1dd72750ee446446214d649e0
OP727432,Severe acute respiratory syndrome coronavirus 2,e71e24d3a259c46cca7fb05572777791
OP715990,Severe acute respiratory syndrome coronavirus 2,428c6a70fd904ae05065de5853ae5709
OP705051,Severe acute respiratory syndrome coronavirus 2,75ee2b1f08b5dc943d6b959744ad5cce
OP705524,Severe acute respiratory syndrome coronavirus 2,acd2e36b658213cf859cd7c38a1b8654
OP705590,Severe acute respiratory syndrome coronavirus 2,f55e95aceb83ab54ba689289f00b6192
OP705591,Severe acute respiratory syndrome coronavirus 2,eca2c3b28eecacce9db2e1db4af8ef0c
OP705614,Severe acute respiratory syndrome coronavirus 2,2c078c9213140fe412f8f40e0cef1913
OP712151,Severe acute respiratory syndrome coronavirus 2,79135d66a5118fa1afe78203263062fb
OP691512,Severe acute respiratory syndrome coronavirus 2,0a58ea1ac87c1f9612ce0f8e64e63036
OP678014,Severe acute respiratory syndrome coronavirus 2,96a6fcb981ce936686b48c65c4894cde
OP678015,Severe acute respiratory syndrome coronavirus 2,d375d8abbf882ebc3a7ef13e07887260
OP678016,Severe acute respiratory syndrome coronavirus 2,83f9f0f9a87d68439949456fbed8b9c9
OP678017,Severe acute respiratory syndrome coronavirus 2,326bd935219676fcc010cfd3fac3edfc
OP678834,Severe acute respiratory syndrome coronavirus 2,0d9ecf5a2802926c8924f9bd6a912bf7
OP679030,Severe acute respiratory syndrome coronavirus 2,f0c04d1f4f33a8aefc0943a18fd88003
OP658991,Severe acute respiratory syndrome coronavirus 2,1f982026a440c2796df4f259ff5b49fc
OP632394,Severe acute respiratory syndrome coronavirus 2,8ac8680dca7728a99102157108e78426
OP637187,Severe acute respiratory syndrome coronavirus 2,7a734595e479f58f9166d58e510631c3
OP639375,Severe acute respiratory syndrome coronavirus 2,dd8684a15971b550bb6eca1fe11ba63a
OP639969,Severe acute respiratory syndrome coronavirus 2,99ba13a39cfecc87b846dd714044d9ec
OP640888,Severe acute respiratory syndrome coronavirus 2,8b39f5fb702a2248ef8127970ef2b3d4
OP622063,Severe acute respiratory syndrome coronavirus 2,8908fc41ce825a4ab0a4589659f6bf2f
OP613518,Severe acute respiratory syndrome coronavirus 2,4040e842e2684ed27833a5df53d4d172
OP614389,Severe acute respiratory syndrome coronavirus 2,d08cacc45bb9bdd2a44e9ccf1a3d6ecb
OP603962,Severe acute respiratory syndrome coronavirus 2,68af1c06ebc8c9680dd69ee3d2f93676
OP603964,Severe acute respiratory syndrome coronavirus 2,e403188d67a7376a74cf6ad230cb1dfc
OP603965,Severe acute respiratory syndrome coronavirus 2,aeb246a4da4af0c8bdd452040e65d57c
OP601756,Severe acute respiratory syndrome coronavirus 2,856412f2618e70245b091f7285309c55
OP600939,Severe acute respiratory syndrome coronavirus 2,1175d422cf25face9993270d483e3bcf
OP585607,Severe acute respiratory syndrome coronavirus 2,d1dff749822ac5244658d84530ab8a06
OP585615,Severe acute respiratory syndrome coronavirus 2,3e22feec3cbde837329d9d3fd557ca12
OP585621,Severe acute respiratory syndrome coronavirus 2,dac5210a60c6ebff051a9aa4d07c6bae
OP585624,Severe acute respiratory syndrome coronavirus 2,379338375e4df9bff17c45f523cecba8
OP585628,Severe acute respiratory syndrome coronavirus 2,0df9f5c8d3616e4b946f25d577c234aa
OP596855,Severe acute respiratory syndrome coronavirus 2,b7e4e6ceddd242857105b02ec0bc0ad8
OP579121,Severe acute respiratory syndrome coronavirus 2,51415f0fb9e0d8cb2fffee435bc9b717
OP581458,Severe acute respiratory syndrome coronavirus 2,45681a36f14aa309f6c7b834be11a530
OP581790,Severe acute respiratory syndrome coronavirus 2,b525617323d28b105f152608746cfc20
OP581801,Severe acute respiratory syndrome coronavirus 2,a6ec502f822885ece56eaf13968feb47
OP581868,Severe acute respiratory syndrome coronavirus 2,20cbb97328ae225d3c5717e3b97ad981
OP581893,Severe acute respiratory syndrome coronavirus 2,719f5dd7d805a14daee9d767de8b796b
OP584750,Severe acute respiratory syndrome coronavirus 2,41c7a9f725cef2fa3fed70a7b808565c
OP573676,Severe acute respiratory syndrome coronavirus 2,e9faa348ad46a44701da2db0b5ef981a
OP564525,Severe acute respiratory syndrome coronavirus 2,7d316d724d2cf02cf766fe9a00528c9a
OP550462,Severe acute respiratory syndrome coronavirus 2,644f4a1ea457fa1611c27c41c3b0f150
OP550465,Severe acute respiratory syndrome coronavirus 2,b546da43c2294da681d18692c82c8632
OP550467,Severe acute respiratory syndrome coronavirus 2,ec6e7a36053c1b199b76f66763d0afa2
OP550469,Severe acute respiratory syndrome coronavirus 2,8657b0d9cdccdcc4afe990f4aa9eb8df
OP550512,Severe acute respiratory syndrome coronavirus 2,8c7012010bb55e1c587c6f9b5874bb53
OP557879,Severe acute respiratory syndrome coronavirus 2,5f923b12ab2fb0db431d72aaac2ea537
OP522486,Severe acute respiratory syndrome coronavirus 2,c82d475a797e9ab182baf88951dee52f
OP535876,Severe acute respiratory syndrome coronavirus 2,77d3b9b2e59a7d856a715b46ed5c46d0
OP535880,Severe acute respiratory syndrome coronavirus 2,1aca08d92c07bd94c7b6c04f21f45480
OP513225,Severe acute respiratory syndrome coronavirus 2,05905b4624d96384248d92de42d42991
OP515840,Severe acute respiratory syndrome coronavirus 2,da058e32dba071fe5882cc92aa92d795
OP516495,Severe acute respiratory syndrome coronavirus 2,9a81ceaba80d51b83f46ae9740d3904a
OP502317,Severe acute respiratory syndrome coronavirus 2,f1e1e00343a6847290c1b5a9e37b7bae
OP485215,Severe acute respiratory syndrome coronavirus 2,c4e06406196cf9098bee9c351bfca6ad
OP472134,Severe acute respiratory syndrome coronavirus 2,79b6494b7f752013c78abb4b6d239f8d
OP457924,Severe acute respiratory syndrome coronavirus 2,46e481c4dd68b66ab9f57d1b561091ed
OP453789,Severe acute respiratory syndrome coronavirus 2,b64750670f6514e86e4e34aa7f7545f1
OP453877,Severe acute respiratory syndrome coronavirus 2,144bdb2b112f6201a2de03e408340fb4
OP453912,Severe acute respiratory syndrome coronavirus 2,68491982c973a522827d48a3ae7fe0f9
OP437778,Severe acute respiratory syndrome coronavirus 2,7b07c6b2e641c5e081bbe72f96f3f9be
OP443859,Severe acute respiratory syndrome coronavirus 2,55ed5df98d1af654349b90558dda669a
OP425195,Severe acute respiratory syndrome coronavirus 2,f9138a82c8b36aa93abf18e19bcfd8a5
OP420253,Severe acute respiratory syndrome coronavirus 2,b7c3130a1149076372db4dfdcfe48a88
OP420258,Severe acute respiratory syndrome coronavirus 2,f29a40a9f05bac09520ea8323b9ef34b
OP394442,Severe acute respiratory syndrome coronavirus 2,0c6b90bb5fec0a4229abcf80e135f266
OP394453,Severe acute respiratory syndrome coronavirus 2,5acab3d9e463b21f235c0829caa0101b
OP395236,Severe acute respiratory syndrome coronavirus 2,1bdaef50878c6a8c16ede9d3a9621a85
OP395394,Severe acute respiratory syndrome coronavirus 2,3180124712a177d9d60053a34f3d60f9
BS005389,Severe acute respiratory syndrome coronavirus 2,3894091f6dbd056246e922319a30660d
OP388901,Severe acute respiratory syndrome coronavirus 2,7470db0689f23db01201195b028edb11
OP345719,Severe acute respiratory syndrome coronavirus 2,6ed9e991705b0d3e05677ede0a928559
OP326766,Severe acute respiratory syndrome coronavirus 2,975c78aca0154438af820d1d667a2002
OP327329,Severe acute respiratory syndrome coronavirus 2,da48db829abc50ec23cfa1f96c58a520
OP329129,Severe acute respiratory syndrome coronavirus 2,10df90d22dfee18d2e956147eed1832b
OP329139,Severe acute respiratory syndrome coronavirus 2,4d986328b94443b0875edbb3727b904a
OP340934,Severe acute respiratory syndrome coronavirus 2,b4643c1d1886b1985881dc08861c79e0
OP325604,Severe acute respiratory syndrome coronavirus 2,df4e44d56823594738e182b13ee80316
OP314247,Severe acute respiratory syndrome coronavirus 2,2fe278036e1e91186669a32c7734e93d
OP295522,Severe acute respiratory syndrome coronavirus 2,2858acc19266b74062a5d80c1d41418a
OP290860,Severe acute respiratory syndrome coronavirus 2,68dd184ab58eb508e1703b5229fe58c3
OP292710,Severe acute respiratory syndrome coronavirus 2,abef5aa84d08d5a322422b6789d9ee81
OP292789,Severe acute respiratory syndrome coronavirus 2,009aff7158d774730b6b0565638c7c7b
OP292839,Severe acute respiratory syndrome coronavirus 2,715f326bf6aa31a33e7f6325e3c7802b
OP292870,Severe acute respiratory syndrome coronavirus 2,a2ffa4ec6433435a932d93ad7f4d8d56
OP292873,Severe acute respiratory syndrome coronavirus 2,6bc2bf6bc028bb84c7e34750d80eb183
OP278879,Severe acute respiratory syndrome coronavirus 2,2b5cb568657143b1b7586a20cd9a9290
OP278898,Severe acute respiratory syndrome coronavirus 2,931a8c67e7033cca9f5d087effeb5cfa
OP271296,Severe acute respiratory syndrome coronavirus 2,d87952ed319a062d64d900358b9f3bd6
OP274198,Severe acute respiratory syndrome coronavirus 2,4261d12b1115a5fef388e53584dc087e
OP250515,Severe acute respiratory syndrome coronavirus 2,0d82ba1dec1056a993f7dfe9f98c398c
OP256725,Severe acute respiratory syndrome coronavirus 2,31ef43fc05a41a55e3e1eece3255c357
OP209794,Severe acute respiratory syndrome coronavirus 2,e1386aff2015e207df32cbad02b080d2
OP209795,Severe acute respiratory syndrome coronavirus 2,6b87f758050da183288545285a29cf72
OP214507,Severe acute respiratory syndrome coronavirus 2,97199caaab4d732cc96f167234c47ced
OP198982,Severe acute respiratory syndrome coronavirus 2,8bc608048401183c1fad4b66f1fceed3
OP164784,Severe acute respiratory syndrome coronavirus 2,1b559513e7cee5e40e0fdd68b22f845f
OP159602,Severe acute respiratory syndrome coronavirus 2,c749b8692d44652d9dda99a80dc945d0
OP159613,Severe acute respiratory syndrome coronavirus 2,60df3f2a917437b42f862c0a2bafa63b
OP159669,Severe acute respiratory syndrome coronavirus 2,564eec43dea1fcfc9105dea96feff75e
OP159674,Severe acute respiratory syndrome coronavirus 2,531668cc0ffd079b9b936db95bef1f3d
OP161166,Severe acute respiratory syndrome coronavirus 2,f88586c8dfedac133a45d57c0ef9e2cd
OP132719,Severe acute respiratory syndrome coronavirus 2,a37756f784668396b024060da94198ab
OP136659,Severe acute respiratory syndrome coronavirus 2,a148d1c32b7165e85a8f41c4c5663fef
OP138944,Severe acute respiratory syndrome coronavirus 2,04485d1bce5b53edd1a74671726371ff
OP121767,Severe acute respiratory syndrome coronavirus 2,fad7581cb45a3ba723b528a87f173fdc
OP123406,Severe acute respiratory syndrome coronavirus 2,a2f27a9b016c2620b126004b8596b566
OP131262,Severe acute respiratory syndrome coronavirus 2,e6d8edcb49eb59fc3f91367e1999a4f7
OP131272,Severe acute respiratory syndrome coronavirus 2,0df6ed5443c376458010f9e2767a7074
OP131288,Severe acute respiratory syndrome coronavirus 2,3cb3b072c17b49ab732fd62886c673e0
OP131331,Severe acute respiratory syndrome coronavirus 2,9f956bf43aef58aa05b53def22f1f50f
OP131335,Severe acute respiratory syndrome coronavirus 2,cf32f8b6989babb190b1066cee12bc66
OP131336,Severe acute respiratory syndrome coronavirus 2,c4d297bab877b8775b8491366ea5e106
OP131341,Severe acute respiratory syndrome coronavirus 2,06356c7f9d232f7110b8b9f327ea0e3c
OP131373,Severe acute respiratory syndrome coronavirus 2,9337b327ef85d02c168e956ce7240d3b
OP115916,Severe acute respiratory syndrome coronavirus 2,a1bfd540e56d05b595634bf714758a1a
OP103810,Severe acute respiratory syndrome coronavirus 2,8b6ad8e8943fc2378112f2d22a8c3d01
OP060767,Severe acute respiratory syndrome coronavirus 2,cdb16812fddeb1df2d0fe70427cfc97b
OP060795,Severe acute respiratory syndrome coronavirus 2,12c4fe98e328cb615862635d9f2045c8
OP061462,Severe acute respiratory syndrome coronavirus 2,17efb951350311aae64b56eeb083e0df
OP061475,Severe acute respiratory syndrome coronavirus 2,c4f21cd462f17d355d2436de445a46fc
OP076548,Severe acute respiratory syndrome coronavirus 2,3908b445afc7ad49be40a1010675c1a8
OP059318,Severe acute respiratory syndrome coronavirus 2,d420bba8e1443a4c0891470603b105e9
OP059639,Severe acute respiratory syndrome coronavirus 2,880ed87e2e3471a07fe87f4a255732b5
OP059749,Severe acute respiratory syndrome coronavirus 2,31974668e6f19ad0a6838eaf73206e55
OP046492,Severe acute respiratory syndrome coronavirus 2,a44a40817ba7b45fcc7c7d02be75c5e0
OP002872,Severe acute respiratory syndrome coronavirus 2,92859dc6838fa0e4d86ba9d0b04b02ad
OP002946,Severe acute respiratory syndrome coronavirus 2,5b5cb2c4ad005d06653cc56a9ec115bb
ON998753,Severe acute respiratory syndrome coronavirus 2,11e949e706b39638809c767d5951f613
ON986352,Severe acute respiratory syndrome coronavirus 2,e3c6dd90c54896dd17411fce4e965dba
ON986736,Severe acute respiratory syndrome coronavirus 2,799226f8bbfd8f0f33db75248d55a3c8
ON974873,Severe acute respiratory syndrome coronavirus 2,65b4b8a8b00111136af4873f009b5824
ON966115,Severe acute respiratory syndrome coronavirus 2,ce6026c3a2fe528e5ece1984c2f45c7a
ON955521,Severe acute respiratory syndrome coronavirus 2,925e8f2e82f35df2fa42cf165ea229a5
ON952358,Severe acute respiratory syndrome coronavirus 2,6fa662b861c72a0b5902987ed49880ad
ON928387,Severe acute respiratory syndrome coronavirus 2,ec2b2fa1f6ba758833968a1573dea5cd
ON928459,Severe acute respiratory syndrome coronavirus 2,1a97564ba204852c3776581d1ff396a5
ON928640,Severe acute respiratory syndrome coronavirus 2,31feae759a04453e71b7e5b1cffce7a3
ON928707,Severe acute respiratory syndrome coronavirus 2,67f1e4e8601bd2205be61826c76d1a59
ON912759,Severe acute respiratory syndrome coronavirus 2,e5d90b0f75a2d9e0fb0f0d7348790904
ON912923,Severe acute respiratory syndrome coronavirus 2,a531c2d3d5769dbce14c45c279ca9347
ON910304,Severe acute respiratory syndrome coronavirus 2,f0ba3171119cf993de37fe883a405eb4
ON910558,Severe acute respiratory syndrome coronavirus 2,77e27aa7b97c62c986845162ca777d8d
ON891304,Severe acute respiratory syndrome coronavirus 2,9a76171434577ddac293127c14ea152f
ON871993,Severe acute respiratory syndrome coronavirus 2,df33c10ab649ea4d8245503c930faad5
ON864420,Severe acute respiratory syndrome coronavirus 2,c8a1e033a736dc5c65128db614b835c1
ON870021,Severe acute respiratory syndrome coronavirus 2,71d560563109246fe4cfb1117a120d49
ON844223,Severe acute respiratory syndrome coronavirus 2,a8c88f9f689482f41e99a3477d39cf78
ON843589,Severe acute respiratory syndrome coronavirus 2,da16a2af5726e5c65b7757cbaead62b8
ON821215,Severe acute respiratory syndrome coronavirus 2,4fd372b9a13847a9574e0b6d59570f2e
ON810538,Severe acute respiratory syndrome coronavirus 2,b47e92bdcc9097ec60d266baac37fbd7
ON810540,Severe acute respiratory syndrome coronavirus 2,50091fa4584730ec248789f41a844ef7
ON810542,Severe acute respiratory syndrome coronavirus 2,65b4b8a8b00111136af4873f009b5824
ON810543,Severe acute respiratory syndrome coronavirus 2,40212ee10b07a368b633fdbab793f9a0
ON815195,Severe acute respiratory syndrome coronavirus 2,ffde1880940272ffc5d86be5210cbeba
ON817417,Severe acute respiratory syndrome coronavirus 2,8ba2407770f69bb87d409f28b765861c
ON790804,Severe acute respiratory syndrome coronavirus 2,b0c1ec2ba9d7e921d20f9c9f0e19c2bb
ON790874,Severe acute respiratory syndrome coronavirus 2,1da0f2be1a2831bd1c2e8bac991b9674
ON773529,Severe acute respiratory syndrome coronavirus 2,30c6e6c08f839454208448311ab98fc4
ON775092,Severe acute respiratory syndrome coronavirus 2,9d8b56439cc55f67f6b6351f907dc65a
ON693434,Severe acute respiratory syndrome coronavirus 2,8939db527aa3d85247c6826627ef1d57
ON683381,Severe acute respiratory syndrome coronavirus 2,944832528e4ba6324d64669be2ea90e0
ON643371,Severe acute respiratory syndrome coronavirus 2,ba486eb9942170982330f7ea34d2c5f9
ON647539,Severe acute respiratory syndrome coronavirus 2,75aad258f5170cd14cd58406b279e7cd
ON647919,Severe acute respiratory syndrome coronavirus 2,bbfdbe62dfd65635e5f1beb843861c17
ON642403,Severe acute respiratory syndrome coronavirus 2,6f8eeefd7c505feb566fb4e95d7b47c3
ON613362,Severe acute respiratory syndrome coronavirus 2,2963083c6cb12f33b58fcbf04d763485
ON613490,Severe acute respiratory syndrome coronavirus 2,5938c77b1119cffffb1020bd0b083eef
ON615292,Severe acute respiratory syndrome coronavirus 2,9b8b8a739dc5ade34af2e0c86975fc8e
ON600004,Severe acute respiratory syndrome coronavirus 2,39446581fdadc24759da8b713290735e
ON600028,Severe acute respiratory syndrome coronavirus 2,2752bf39a4bebd63dc0937579a5606a6
ON600043,Severe acute respiratory syndrome coronavirus 2,e69b649d3fe7043a281055428d6d711c
ON600086,Severe acute respiratory syndrome coronavirus 2,e4448354e61c28a04f2add96f23e3100
ON600192,Severe acute respiratory syndrome coronavirus 2,e4448354e61c28a04f2add96f23e3100
ON602856,Severe acute respiratory syndrome coronavirus 2,804033551db8f2dfab1184306d43ed56
ON583070,Severe acute respiratory syndrome coronavirus 2,c96264b526ec0a14a1296ab0f0802e99
ON583123,Severe acute respiratory syndrome coronavirus 2,b41f9edb3e1e59169970929c61147386
ON583187,Severe acute respiratory syndrome coronavirus 2,a0d52e4de77c8d2e278bcdf25cf5df9a
ON583329,Severe acute respiratory syndrome coronavirus 2,5aa2ef54280fd900c45fae6e1b457f33
ON583582,Severe acute respiratory syndrome coronavirus 2,d84519b1f0ee42bfee5b932692175dc2
ON595816,Severe acute respiratory syndrome coronavirus 2,2c3cdcbb3f89f236f12c861d7911744e
ON596172,Severe acute respiratory syndrome coronavirus 2,e3b93d0b04ea8a12a37e29dd70f20b36
ON567468,Severe acute respiratory syndrome coronavirus 2,3428120861a2c10f7c5653f1bd28f865
ON569277,Severe acute respiratory syndrome coronavirus 2,d19e7aef9c5c6563d6cbefebea687f49
ON554483,Severe acute respiratory syndrome coronavirus 2,1a52321ef426f0c6257a6dd3f1b30733
ON554547,Severe acute respiratory syndrome coronavirus 2,1699987db97feba2511e1f97fd9ba087
ON554612,Severe acute respiratory syndrome coronavirus 2,d45dd719ead129410eafe8325f8d5642
ON556019,Severe acute respiratory syndrome coronavirus 2,8571bf9e0a05e03c91b4f9d10470445c
ON556286,Severe acute respiratory syndrome coronavirus 2,e98b3f41fe3d02342aa08628ca374966
ON540537,Severe acute respiratory syndrome coronavirus 2,3f55823b458ea459c790f17117eb57fe
ON515608,Severe acute respiratory syndrome coronavirus 2,4a3d682494a67e86334ee791d9f3cf21
ON525818,Severe acute respiratory syndrome coronavirus 2,ebdf7b83247a5464d2a6da58baec5ea3
ON526499,Severe acute respiratory syndrome coronavirus 2,dbb8cca04d5dd8b7c5709e66381d5214
ON510224,Severe acute respiratory syndrome coronavirus 2,8c6fee06a98f47ed89370870ba647a7c
ON401084,Severe acute respiratory syndrome coronavirus 2,9bc493eef20024b7e00029a08b2c1114
ON385031,Severe acute respiratory syndrome coronavirus 2,1a04f0d1568921cd6d8cc8ce2fff2ad1
ON383690,Severe acute respiratory syndrome coronavirus 2,ce8234258a75484c4c601b83a1ab374d
ON374927,Severe acute respiratory syndrome coronavirus 2,cfbcdb9ceb12682d73b26ff245f108c5
ON376751,Severe acute respiratory syndrome coronavirus 2,db9f67f98c84985f7d92acb1424e8509
ON337754,Severe acute respiratory syndrome coronavirus 2,0063bc25663efc33ac21be8aa5b45c77
ON338026,Severe acute respiratory syndrome coronavirus 2,62a3c64770e52631e0a50fccc6ce36e2
ON322572,Severe acute respiratory syndrome coronavirus 2,5004161c385b2b36029eaec60e9da040
ON323922,Severe acute respiratory syndrome coronavirus 2,c6d4621f1e97560a91c2e2c9680fc297
ON315924,Severe acute respiratory syndrome coronavirus 2,a0898988e40de8c7401bc03b8138c7d9
ON316101,Severe acute respiratory syndrome coronavirus 2,991aa1b110d1ed339d66bd6a23f000e8
ON316247,Severe acute respiratory syndrome coronavirus 2,fd580245c0c9b65d3c782f86143a8061
ON316501,Severe acute respiratory syndrome coronavirus 2,f3e0aefa9301aa095ff00e46b118386e
ON316517,Severe acute respiratory syndrome coronavirus 2,f26f494dc95fd5359431f04ce45fab50
ON304479,Severe acute respiratory syndrome coronavirus 2,5475adde3595e5240e7f3f5e2e8ced31
ON262491,Severe acute respiratory syndrome coronavirus 2,6bf04e48dd66ec6ef2516a8b088d5807
ON276779,Severe acute respiratory syndrome coronavirus 2,1000db0462d7e337b547e7c1ca2509c3
ON256776,Severe acute respiratory syndrome coronavirus 2,041c026ae11c973596ac94fd2b9d7445
ON218520,Severe acute respiratory syndrome coronavirus 2,3f76504ba6470c9397c3712855a401b3
ON171058,Severe acute respiratory syndrome coronavirus 2,4416112040b4197a3e327b0d4b22ebbe
ON172766,Severe acute respiratory syndrome coronavirus 2,73612514eb256ea4f1283e13c995347e
ON173238,Severe acute respiratory syndrome coronavirus 2,1f8cb024ca4342d12344c758d71cf74e
ON173954,Severe acute respiratory syndrome coronavirus 2,06bee58980548116c22541321d44caf5
ON176503,Severe acute respiratory syndrome coronavirus 2,cb01c66844adca96a4f3a28b9cfc3ef6
ON159162,Severe acute respiratory syndrome coronavirus 2,cfbb3723d85b37f32dfb81a611c43cf0
ON135546,Severe acute respiratory syndrome coronavirus 2,82dd5466e14e6b75a85095fd2c515650
ON117655,Severe acute respiratory syndrome coronavirus 2,17801ab5a94cfba4943b999bd7389457
ON105438,Severe acute respiratory syndrome coronavirus 2,8d82748d7f332b0b28eae330ebd18964
BS003745,Severe acute respiratory syndrome coronavirus 2,b30c21f7528e329e3b96b346b4e66d95
ON077273,Severe acute respiratory syndrome coronavirus 2,2c3ee05f0ac3fa865f7ba86cf1a8b75e
ON082340,Severe acute respiratory syndrome coronavirus 2,a9347adec061807923f4cc0cbf6a1c56
ON087054,Severe acute respiratory syndrome coronavirus 2,78fdda1a735fd3d2917e992cb20cea63
ON065466,Severe acute respiratory syndrome coronavirus 2,7d73ad0160fc64bc79af3df491e486a5
ON073231,Severe acute respiratory syndrome coronavirus 2,8684b615228abbdfc5f8113d0dd475da
ON074171,Severe acute respiratory syndrome coronavirus 2,fc7cc1409dbf7cdc3349f93c4be347e7
ON052635,Severe acute respiratory syndrome coronavirus 2,86adffd265d3fadc1e92b1142e86eadd
ON038750,Severe acute respiratory syndrome coronavirus 2,e926637d2d0a37ae8aa7ead10d675a9d
ON038751,Severe acute respiratory syndrome coronavirus 2,54a3bbbf2bfdda163ebca32ee67a4dc4
ON038754,Severe acute respiratory syndrome coronavirus 2,5733fba52dd0826e4ef5cb69b88fb8aa
ON038755,Severe acute respiratory syndrome coronavirus 2,361b6186523ec3cc66c1f71b7888491b
ON038760,Severe acute respiratory syndrome coronavirus 2,5dfcd19d8b27c52b7af5e931f48564c4
ON044895,Severe acute respiratory syndrome coronavirus 2,5901b1aca63306ebcc36265a74660c12
ON032303,Severe acute respiratory syndrome coronavirus 2,ee74cc1ecffca4aa3d6c334a10acfcfb
ON004577,Severe acute respiratory syndrome coronavirus 2,f00f381a11a8ee425cc000bc99bb56e8
ON004716,Severe acute respiratory syndrome coronavirus 2,194c7acfbe848eb5d5e95448a175a858
ON005319,Severe acute respiratory syndrome coronavirus 2,3fd189939ebf97b45311834ca65c336d
ON010845,Severe acute respiratory syndrome coronavirus 2,e72513fae4688693ae4f26b9e212f438
OW165629,Severe acute respiratory syndrome coronavirus 2,73bfe258c1f0ae88be36d0ef134a6d4c
ON000506,Severe acute respiratory syndrome coronavirus 2,d4d9ca0dd4257b5748bc862e38ed51a7
ON000527,Severe acute respiratory syndrome coronavirus 2,09d1503ce8b0620a99a1a0e8a1ffe702
OM965373,Severe acute respiratory syndrome coronavirus 2,15ae6f3182587d7d36b0fd5c32501cf4
OM943605,Severe acute respiratory syndrome coronavirus 2,1e98fa29c320c33a556433cb53705dbf
OM945722,Severe acute respiratory syndrome coronavirus 2,cccd62364a7cda2b29773aa1677dd3c7
OM942836,Severe acute respiratory syndrome coronavirus 2,33472225675e6de0222d39a94cb3be6f
OM921822,Severe acute respiratory syndrome coronavirus 2,d6877d9dbd86563f5811303a7727ff1a
OM921856,Severe acute respiratory syndrome coronavirus 2,bf5ef0c9ea2f5f3b7d1267c77df4778f
OM921920,Severe acute respiratory syndrome coronavirus 2,bf0124d083c27bde2dfca2a06263fd24
OM921931,Severe acute respiratory syndrome coronavirus 2,bc7350cc4d821534a93afc56889c153f
OM921940,Severe acute respiratory syndrome coronavirus 2,193a41ce2796af171e091da52bb6d9ce
OM935059,Severe acute respiratory syndrome coronavirus 2,0c097c8eb621cbf604ec258debd60895
OM935503,Severe acute respiratory syndrome coronavirus 2,f1b24d6da8217e451e205991bbf6ce87
OM918676,Severe acute respiratory syndrome coronavirus 2,568bf694d36d775f753dc771b9cd4475
OM906018,Severe acute respiratory syndrome coronavirus 2,1e26af7334424bc568a40f3d7f1b5d14
OM886684,Severe acute respiratory syndrome coronavirus 2,09d688ccbf53d5e0113fc4e7f3f399cb
OM896722,Severe acute respiratory syndrome coronavirus 2,ef19b1c59edfbd6f124d7a41946e2fdd
BS003508,Severe acute respiratory syndrome coronavirus 2,1cf9a7d5db0e67e776e804abc836e739
OM832744,Severe acute respiratory syndrome coronavirus 2,b2a26b773595e8ef81d9b246e782395a
OM805514,Severe acute respiratory syndrome coronavirus 2,fc5d81597746b9bd5cfa27d182a4536a
OM811913,Severe acute respiratory syndrome coronavirus 2,6bc6d1fe7ec0ead31ad17b7a17f99c6a
OM811967,Severe acute respiratory syndrome coronavirus 2,32a2d24cb2004d5e2dc2a204f754b11f
OM797420,Severe acute respiratory syndrome coronavirus 2,3e59a3028e470f407945badce98ccd3d
OM802022,Severe acute respiratory syndrome coronavirus 2,744323491cde430cec05c14ce4e3f812
OM773143,Severe acute respiratory syndrome coronavirus 2,837ae4099194066bc5705070b4374a89
OM739931,Severe acute respiratory syndrome coronavirus 2,8698a331e1e7c0f6fc1484ddea357153
OM731687,Severe acute respiratory syndrome coronavirus 2,5a21463300f929d2578d905a98de4d6d
OM698368,Severe acute respiratory syndrome coronavirus 2,859e3346db04835e6e2bd4d45b11f064
OM698369,Severe acute respiratory syndrome coronavirus 2,b1b49c0016ead5458e914b08d5b6d1b8
OM698370,Severe acute respiratory syndrome coronavirus 2,b1b49c0016ead5458e914b08d5b6d1b8
OM698371,Severe acute respiratory syndrome coronavirus 2,b1b49c0016ead5458e914b08d5b6d1b8
OM698372,Severe acute respiratory syndrome coronavirus 2,859e3346db04835e6e2bd4d45b11f064
OM717027,Severe acute respiratory syndrome coronavirus 2,766396b9d99bdd18cba0432796b5be74
OM678613,Severe acute respiratory syndrome coronavirus 2,cb46629c40b897250742621ffb8ad0a8
OM674371,Severe acute respiratory syndrome coronavirus 2,2dffcddddce95c15f9cd6f85d68194aa
OM677399,Severe acute respiratory syndrome coronavirus 2,7021a4aeb7f3470d8ed38c08babd93d1
OM638630,Severe acute respiratory syndrome coronavirus 2,19ade203487ad3132f90717174ac4651
OM618106,Severe acute respiratory syndrome coronavirus 2,958d940327996a3f4b739a49773fbdca
OM631530,Severe acute respiratory syndrome coronavirus 2,031d2ce1b8d8b15f6e6ad9438d6d4579
OM634827,Severe acute respiratory syndrome coronavirus 2,dbed37a3319b86ec5e08c66fad0b84ea
OM634831,Severe acute respiratory syndrome coronavirus 2,ecb2d894a1dcd0d96ce3a59ce09053a1
OM634937,Severe acute respiratory syndrome coronavirus 2,48c859987e52e43cd9f6156e99aa005d
OM635206,Severe acute respiratory syndrome coronavirus 2,f9f13420ce9c8d9a946776d43677b905
OM635644,Severe acute respiratory syndrome coronavirus 2,ed1deff8b0e040b75679d4642a35b061
OM638038,Severe acute respiratory syndrome coronavirus 2,dd738c5ca27120391d070aeab5047b9d
OV788659,Severe acute respiratory syndrome coronavirus 2,eeb09ff87e3b9e49285d6b4b77b85e5b
OM575142,Severe acute respiratory syndrome coronavirus 2,8f344f1e9d0bce7720dc9f8ca0ba1ffe
OM616646,Severe acute respiratory syndrome coronavirus 2,c7aaf0930fb25159e54534177891232d
OM538509,Severe acute respiratory syndrome coronavirus 2,c651d5888602626045b713dbe0c4f8b3
OM540533,Severe acute respiratory syndrome coronavirus 2,32e2eaa77039601b1a270d9e425cdd28
OM541382,Severe acute respiratory syndrome coronavirus 2,5586eaf55677a32b19f0aad08913f1ce
OM512738,Severe acute respiratory syndrome coronavirus 2,fc9db300ca438a256096477deedeb861
OM476512,Severe acute respiratory syndrome coronavirus 2,541b20af4ba03ee73690d6db7410df39
OM476574,Severe acute respiratory syndrome coronavirus 2,e2e5c2ed8f30931e0e053b9a620d58d0
OM476585,Severe acute respiratory syndrome coronavirus 2,6fd074f187a9da2e2e4ab6d3ab613996
OM476622,Severe acute respiratory syndrome coronavirus 2,4f44064e4a87489c98990d5ff289d033
OM479454,Severe acute respiratory syndrome coronavirus 2,408c64514ebbe1a5ef6f93f8e48a46da
OM479672,Severe acute respiratory syndrome coronavirus 2,3618457e7c0ed2384cd3ad9a4d1d6485
OM479723,Severe acute respiratory syndrome coronavirus 2,db1cea4aa2eee396f8b747840ddc9701
OM484075,Severe acute respiratory syndrome coronavirus 2,9c3b061e18d90a186ec1c788984072e2
OM486709,Severe acute respiratory syndrome coronavirus 2,bb9ebf7841c0c6bbdc5af2d8805f6bc7
OM489837,Severe acute respiratory syndrome coronavirus 2,a683b4906cc755c87a40827ac0d3ae63
OM466506,Severe acute respiratory syndrome coronavirus 2,350f879f3bcdb9b90f63a51b7f8f36a3
OM466675,Severe acute respiratory syndrome coronavirus 2,f28dca9fa7b8d41268c698753173dd6d
OM466690,Severe acute respiratory syndrome coronavirus 2,09973ac7b7651ff8bcf50bb3931e88d2
OM466744,Severe acute respiratory syndrome coronavirus 2,c6003cf0d356328c3b8480acea6ca408
OM475479,Severe acute respiratory syndrome coronavirus 2,ca499603d4007d8a9d98f0c1cbcf727f
OM424229,Severe acute respiratory syndrome coronavirus 2,dad5879887f089ae320231607d318ce6
OV738119,Severe acute respiratory syndrome coronavirus 2,dc01e36d5898d71a05b00e567eacf1e3
OM402048,Severe acute respiratory syndrome coronavirus 2,5986157f9a6bcaed10be3a0217b75074
OM387775,Severe acute respiratory syndrome coronavirus 2,1cfeac9c424e32e4508552ce9f30ef3f
OM349961,Severe acute respiratory syndrome coronavirus 2,df66bac46a9fb19f592b1ecfe627052a
OM349969,Severe acute respiratory syndrome coronavirus 2,a0d6b27b325e6ba57640505899989c00
OM349970,Severe acute respiratory syndrome coronavirus 2,847ff583b72fabbab43e64b265d260f6
OM349975,Severe acute respiratory syndrome coronavirus 2,75d9c40cd01e7385136af8a7e5e081c4
OM349978,Severe acute respiratory syndrome coronavirus 2,039ba1c0c16ebe8dd28e826617bf1600
OM363898,Severe acute respiratory syndrome coronavirus 2,ea999be6182dfbe4ec83d43b6ebc69aa
OM341446,Severe acute respiratory syndrome coronavirus 2,fa375ce0cfda4f5d32b5bf36237cafa1
OM322795,Severe acute respiratory syndrome coronavirus 2,38f0e9661f7b1c52c9b943685bef2685
OM324902,Severe acute respiratory syndrome coronavirus 2,2c9a39007b8aa17f818cf1f557b65a56
OM313280,Severe acute respiratory syndrome coronavirus 2,3b37c7dd15c707b20dc24f86443d3528
OM283433,Severe acute respiratory syndrome coronavirus 2,8d54deb64e24c35880dccfe94a4fff0a
OM288469,Severe acute respiratory syndrome coronavirus 2,d7e8fb35a59781260943f237d933a7bb
OM289114,Severe acute respiratory syndrome coronavirus 2,0d1f42a8b69065c032c828c9337dc932
OM295630,Severe acute respiratory syndrome coronavirus 2,0af17b2a95014b3c0b3ddc6f1910a235
OM295750,Severe acute respiratory syndrome coronavirus 2,0cda6b472bbdeda15da9843f2ed9f02b
OM295755,Severe acute respiratory syndrome coronavirus 2,2d20613f8f589598177f9f41aecf6dd1
OM296369,Severe acute respiratory syndrome coronavirus 2,e4222056e45c1a82bb3ca785599ca469
OM296564,Severe acute respiratory syndrome coronavirus 2,1309c0f997d309ad47ddecd359723eed
OM296578,Severe acute respiratory syndrome coronavirus 2,7943369666767d945f66441bb2522c27
OV523823,Severe acute respiratory syndrome coronavirus 2,8f47d976d9b5a126fa67c3853849714c
OM266332,Severe acute respiratory syndrome coronavirus 2,a36e63764e7411008f619014a0ec75a9
OM250303,Severe acute respiratory syndrome coronavirus 2,9568ab39c9a8d9951b98bd7ef229c8aa
OM264788,Severe acute respiratory syndrome coronavirus 2,91b7e1fba2ecbede8d225fb07721df47
OM264807,Severe acute respiratory syndrome coronavirus 2,67e0fd3c3c33e49cb7717629a890ca26
OM264909,Severe acute respiratory syndrome coronavirus 2,cf3aa6fe0a118967c572b130ad0a8aea
OM264915,Severe acute respiratory syndrome coronavirus 2,c35fad51b4d46b5f440bbfb70bb6f051
OV440860,Severe acute respiratory syndrome coronavirus 2,d86143db8b23685160bde337887c271d
OM214577,Severe acute respiratory syndrome coronavirus 2,3415aeff9335882ff0e16a899d13c262
OM183157,Severe acute respiratory syndrome coronavirus 2,4329658e1882103462a31c4daa2579f8
OM095411,Severe acute respiratory syndrome coronavirus 2,9c19e51c23abd0df9f8c6f5cac512b9c
OM084485,Severe acute respiratory syndrome coronavirus 2,ed0a265d3dd75d27b950977ea626df5e
OM033335,Severe acute respiratory syndrome coronavirus 2,764d0483f7d24f0550fc6e2617086f86
OM043817,Severe acute respiratory syndrome coronavirus 2,f5adcd3fafeeff38f9afcf237021b91c
OM022470,Severe acute respiratory syndrome coronavirus 2,4f0261d31995f89713a75504aff59a7d
OM022541,Severe acute respiratory syndrome coronavirus 2,246810c642e3e64a7f347390f06b7d45
OL988626,Severe acute respiratory syndrome coronavirus 2,9ba2031cb858f22088f752a788b71c9a
OL870953,Severe acute respiratory syndrome coronavirus 2,f592140bf8d6f8aeaa0af740231ce7eb
OL815079,Severe acute respiratory syndrome coronavirus 2,2996ccdea2e7b389e733eadd6da7ec65
OL815080,Severe acute respiratory syndrome coronavirus 2,65fb1d061cd24032466949ba07524fec
OL821661,Severe acute respiratory syndrome coronavirus 2,3a988a4b1618c8d3cf9416ab135c43ac
OL821662,Severe acute respiratory syndrome coronavirus 2,600617aecba0d1418b71af6a5f4e0d2a
OL821663,Severe acute respiratory syndrome coronavirus 2,cb420fd3b19bdf7a45fcf1e384ab4dcb
OL672836,Severe acute respiratory syndrome coronavirus 2,8a53e63b7b61626995aacd7416d72d7f
MZ690385,Severe acute respiratory syndrome coronavirus 2,1b8bdf9b7f10684aca5b21799a19b1f0
MZ140797,Severe acute respiratory syndrome coronavirus 2,ee83240863cc8991dd2aa1793c82aab2
MZ141007,Severe acute respiratory syndrome coronavirus 2,8e0d65f7bc7ef93a8c33920e31d0adf6
MZ072556,Severe acute respiratory syndrome coronavirus 2,0bae589a31baa9598233b12da501d86a
MZ036291,Severe acute respiratory syndrome coronavirus 2,bc9d6a2b1659ff36d536eeb89140e78d
